paper_id,file_name,num_pages,num_words
2015_01_article,2015_01_article.pdf,16,15365
2016_01_article,2016_01_article.pdf,34,19392
2016_02_article,2016_02_article.pdf,12,12985
2016_03_article,2016_03_article.pdf,19,18458
2016_04_article,2016_04_article.pdf,11,9890
2016_05_article,2016_05_article.pdf,5,5293
2016_06_article,2016_06_article.pdf,12,6428
2016_07_article,2016_07_article.pdf,21,18408
2017_01_article,2017_01_article.pdf,15,6436
2017_02_article,2017_02_article.pdf,14,12016
2017_03_article,2017_03_article.pdf,5,2279
2017_04_article,2017_04_article.pdf,4,3372
2017_05_article,2017_05_article.pdf,16,15338
2017_06_article,2017_06_article.pdf,7,4723
2017_07_article,2017_07_article.pdf,5,5897
2017_08_article,2017_08_article.pdf,11,9237
2017_09_article,2017_09_article.pdf,1,629
2018_01_article,2018_01_article.pdf,9,8295
2018_02_article,2018_02_article.pdf,17,7238
2018_03_article,2018_03_article.pdf,9,6701
2018_04_article,2018_04_article.pdf,9,8691
2018_05_article,2018_05_article.pdf,22,21018
2018_06_article,2018_06_article.pdf,16,11374
2018_07_article,2018_07_article.pdf,8,7471
2019_01_article,2019_01_article.pdf,12,12360
2019_02_article,2019_02_article.pdf,5,1920
2019_03_article,2019_03_article.pdf,18,13498
2019_05_article,2019_05_article.pdf,15,10008
2019_06_article,2019_06_article.pdf,11,7359
2019_07_article,2019_07_article.pdf,14,7619
2019_08_article,2019_08_article.pdf,19,8291
2019_09_article,2019_09_article.pdf,5,3216
2019_11_article,2019_11_article.pdf,9,8624
2019_12_article,2019_12_article.pdf,13,6043
2020_01_article,2020_01_article.pdf,11,8977
2020_02_article,2020_02_article.pdf,43,20991
2020_03_article,2020_03_article.pdf,11,3225
2020_04_article,2020_04_article.pdf,9,6141
2020_05_article,2020_05_article.pdf,15,14711
2020_06_article,2020_06_article.pdf,11,3944
2020_07_article,2020_07_article.pdf,40,11568
2020_09_article,2020_09_article.pdf,12,6256
2020_10_article,2020_10_article.pdf,13,7556
2020_11_article,2020_11_article.pdf,12,6879
2020_12_article,2020_12_article.pdf,10,5615
2020_13_article,2020_13_article.pdf,11,5917
2020_14_article,2020_14_article.pdf,11,6501
2020_15_article,2020_15_article.pdf,12,6334
2020_16_article,2020_16_article.pdf,14,7568
2020_17_article,2020_17_article.pdf,11,6981
2020_18_article,2020_18_article.pdf,12,6129
2020_19_article,2020_19_article.pdf,11,9564
2020_20_article,2020_20_article.pdf,6,3737
2020_21_article,2020_21_article.pdf,13,9254
2020_22_article,2020_22_article.pdf,17,17486
2020_23_article,2020_23_article.pdf,18,10701
2020_24_article,2020_24_article.pdf,19,9714
2020_25_article,2020_25_article.pdf,4,2984
2020_26_article,2020_26_article.pdf,8,3701
2020_27_article,2020_27_article.pdf,15,14319
2020_28_article,2020_28_article.pdf,8,4238
2020_29_article,2020_29_article.pdf,17,16350
2020_30_article,2020_30_article.pdf,6,5959
2020_31_article,2020_31_article.pdf,5,3635
2020_32_article,2020_32_article.pdf,13,7580
2020_33_article,2020_33_article.pdf,10,8793
2020_34_article,2020_34_article.pdf,8,5331
2020_36_article,2020_36_article.pdf,8,7010
2020_37_article,2020_37_article.pdf,9,7604
2020_38_article,2020_38_article.pdf,8,5415
2020_39_article,2020_39_article.pdf,9,10157
2020_40_article,2020_40_article.pdf,3,2052
2021_01_article,2021_01_article.pdf,10,7152
2021_02_article,2021_02_article.pdf,10,7251
2021_03_article,2021_03_article.pdf,13,7176
2021_04_article,2021_04_article.pdf,10,7843
2021_05_article,2021_05_article.pdf,10,7029
2021_06_article,2021_06_article.pdf,12,6926
2021_07_article,2021_07_article.pdf,13,7218
2021_08_article,2021_08_article.pdf,9,7811
2021_09_article,2021_09_article.pdf,13,7940
2021_10_article,2021_10_article.pdf,22,11220
2021_11_article,2021_11_article.pdf,10,7622
2021_12_article,2021_12_article.pdf,17,6149
2021_13_article,2021_13_article.pdf,26,12943
2021_14_article,2021_14_article.pdf,11,7174
2021_15_article,2021_15_article.pdf,10,6605
2021_16_article,2021_16_article.pdf,10,7152
2021_17_article,2021_17_article.pdf,15,5392
2021_18_article,2021_18_article.pdf,19,9556
2021_19_article,2021_19_article.pdf,10,7672
2021_20_article,2021_20_article.pdf,14,7107
2021_21_article,2021_21_article.pdf,11,7695
2021_22_article,2021_22_article.pdf,11,7227
2021_23_article,2021_23_article.pdf,15,8516
2021_25_article,2021_25_article.pdf,32,10525
2021_26_article,2021_26_article.pdf,13,11297
2021_27_article,2021_27_article.pdf,15,14923
2021_28_article,2021_28_article.pdf,15,14075
2021_29_article,2021_29_article.pdf,18,8057
2021_30_article,2021_30_article.pdf,18,8057
2021_31_article,2021_31_article.pdf,6,5404
2021_32_article,2021_32_article.pdf,17,20029
2021_33_article,2021_33_article.pdf,9,4192
2021_34_article,2021_34_article.pdf,28,13493
2022_02_article,2022_02_article.pdf,25,10484
2022_03_article,2022_03_article.pdf,18,8073
2022_04_article,2022_04_article.pdf,10,7458
2022_05_article,2022_05_article.pdf,25,10484
2022_06_article,2022_06_article.pdf,7,6126
2022_07_article,2022_07_article.pdf,9,4456
2022_08_article,2022_08_article.pdf,10,7516
2022_09_article,2022_09_article.pdf,12,6844
2022_10_article,2022_10_article.pdf,10,4911
2022_11_article,2022_11_article.pdf,10,7366
2022_12_article,2022_12_article.pdf,10,5587
2022_13_article,2022_13_article.pdf,16,10823
2022_14_article,2022_14_article.pdf,8,6638
2022_15_article,2022_15_article.pdf,10,3986
2022_16_article,2022_16_article.pdf,7,3466
2022_17_article,2022_17_article.pdf,11,9151
2022_18_article,2022_18_article.pdf,12,9626
2022_19_article,2022_19_article.pdf,9,6375
2022_20_article,2022_20_article.pdf,11,8359
2022_21_article,2022_21_article.pdf,10,3986
2022_22_article,2022_22_article.pdf,9,6375
2022_23_article,2022_23_article.pdf,7,6337
2022_24_article,2022_24_article.pdf,10,7823
2022_25_article,2022_25_article.pdf,11,7779
2022_26_article,2022_26_article.pdf,10,8364
2022_27_article,2022_27_article.pdf,31,13529
2022_28_article,2022_28_article.pdf,9,6375
2022_29_article,2022_29_article.pdf,7,6126
2022_30_article,2022_30_article.pdf,18,9800
2022_31_article,2022_31_article.pdf,11,8695
2022_32_article,2022_32_article.pdf,10,7823
2022_33_article,2022_33_article.pdf,11,7264
2022_34_article,2022_34_article.pdf,12,7922
2022_35_article,2022_35_article.pdf,17,7330
2022_36_article,2022_36_article.pdf,12,9380
2022_37_article,2022_37_article.pdf,10,7449
2022_38_article,2022_38_article.pdf,34,22917
2022_39_article,2022_39_article.pdf,10,7803
2022_40_article,2022_40_article.pdf,16,10258
2022_41_article,2022_41_article.pdf,10,7454
2022_42_article,2022_42_article.pdf,10,3986
2022_43_article,2022_43_article.pdf,13,7854
2022_44_article,2022_44_article.pdf,10,7366
2022_45_article,2022_45_article.pdf,8,4079
2022_46_article,2022_46_article.pdf,9,6723
2022_47_article,2022_47_article.pdf,7,6209
2022_48_article,2022_48_article.pdf,10,7463
2022_49_article,2022_49_article.pdf,5,5906
2022_50_article,2022_50_article.pdf,12,7207
2022_51_article,2022_51_article.pdf,11,12637
2022_52_article,2022_52_article.pdf,4,4285
2022_53_article,2022_53_article.pdf,15,14354
2022_54_article,2022_54_article.pdf,16,13896
2023_01_article,2023_01_article.pdf,4,4753
2023_02_article,2023_02_article.pdf,30,17498
2023_03_article,2023_03_article.pdf,51,27012
2023_04_article,2023_04_article.pdf,8,6448
2023_06_article,2023_06_article.pdf,11,8092
2023_07_article,2023_07_article.pdf,11,6436
2023_08_article,2023_08_article.pdf,30,16170
2023_09_article,2023_09_article.pdf,16,10655
2023_10_article,2023_10_article.pdf,12,6672
2023_11_article,2023_11_article.pdf,14,6973
2023_12_article,2023_12_article.pdf,11,8738
2023_13_article,2023_13_article.pdf,10,5939
2023_14_article,2023_14_article.pdf,16,7355
2023_15_article,2023_15_article.pdf,30,16170
2023_16_article,2023_16_article.pdf,10,7403
2023_17_article,2023_17_article.pdf,24,14733
2023_18_article,2023_18_article.pdf,17,8936
2023_19_article,2023_19_article.pdf,30,18378
2023_20_article,2023_20_article.pdf,30,16170
2023_21_article,2023_21_article.pdf,12,7846
2023_22_article,2023_22_article.pdf,24,14733
2023_23_article,2023_23_article.pdf,24,5971
2023_24_article,2023_24_article.pdf,13,12237
2023_25_article,2023_25_article.pdf,10,8355
2023_26_article,2023_26_article.pdf,11,7792
2023_27_article,2023_27_article.pdf,17,10247
2023_28_article,2023_28_article.pdf,30,16170
2023_29_article,2023_29_article.pdf,11,8974
2023_30_article,2023_30_article.pdf,15,10640
2023_31_article,2023_31_article.pdf,10,8394
2023_32_article,2023_32_article.pdf,30,18370
2023_33_article,2023_33_article.pdf,16,7363
2023_34_article,2023_34_article.pdf,19,8926
2023_35_article,2023_35_article.pdf,21,7760
2023_36_article,2023_36_article.pdf,9,6535
2023_37_article,2023_37_article.pdf,10,7275
2023_38_article,2023_38_article.pdf,19,13576
2023_39_article,2023_39_article.pdf,11,9228
2023_40_article,2023_40_article.pdf,10,8355
2023_41_article,2023_41_article.pdf,18,10512
2023_42_article,2023_42_article.pdf,10,8394
2023_43_article,2023_43_article.pdf,10,8394
2023_44_article,2023_44_article.pdf,10,8423
2023_45_article,2023_45_article.pdf,12,8352
2023_46_article,2023_46_article.pdf,13,7209
2023_47_article,2023_47_article.pdf,14,8245
2023_48_article,2023_48_article.pdf,17,11325
2023_49_article,2023_49_article.pdf,17,11537
2023_50_article,2023_50_article.pdf,19,13576
2025_01_article,2025_01_article.pdf,14,10999
2025_02_article,2025_02_article.pdf,18,10185
2025_03_article,2025_03_article.pdf,20,8930
2025_04_article,2025_04_article.pdf,48,20248
2025_05_article,2025_05_article.pdf,19,12600
2025_06_article,2025_06_article.pdf,10,5680
2026_01_article,2026_01_article.pdf,23,17684
2026_02_article,2026_02_article.pdf,12,7702
